{
  "per_task": [
    {
      "task_group": "pusht",
      "task_id": 0,
      "metrics": {
        "sum_rewards": [
          115.54464324237757,
          30.04495296499104,
          130.61513953114917,
          202.75471006769152,
          185.06771332519645,
          37.34985490563061,
          153.76594034116175,
          214.12723303877,
          57.219321135812265,
          45.988937415123004,
          203.77025865828278,
          55.25950572028981,
          57.09561350767302,
          59.87752224327497,
          125.16041724610298,
          196.26570968397033,
          33.872815226078224,
          104.25041006655199,
          14.833205665519074,
          107.15131434325815,
          87.96976352479359,
          29.822456855527342,
          13.471734824995906,
          169.78324116236547,
          27.12937225169242,
          145.58222160347515,
          163.45297532976292,
          176.51420050142076,
          39.73081484193064,
          80.05650959848762,
          49.21904171198099,
          61.20122882224675,
          108.99410843058749,
          32.175889247471034,
          114.23843958228642,
          124.69113282425792,
          23.841772772962074,
          126.24361910357972,
          53.53390327070893,
          92.51552200098065,
          156.9430820672185,
          85.37469016783672,
          84.21255600572863,
          231.5993455555637,
          108.94437549208433,
          97.80416354307533,
          128.85810815231073,
          103.91954942638266,
          81.30423151387475,
          58.77393093584312
        ],
        "max_rewards": [
          1.0,
          1.0,
          1.0,
          1.0,
          0.9841196990804317,
          1.0,
          1.0,
          0.9526727911388168,
          1.0,
          1.0,
          0.977392216222789,
          1.0,
          1.0,
          1.0,
          0.4611375553559154,
          1.0,
          1.0,
          1.0,
          1.0,
          1.0,
          0.4599922392556284,
          1.0,
          1.0,
          0.9931099029674618,
          1.0,
          1.0,
          0.7215182320290318,
          1.0,
          1.0,
          1.0,
          1.0,
          1.0,
          0.6282999621693486,
          1.0,
          0.9689912413978938,
          1.0,
          1.0,
          1.0,
          1.0,
          1.0,
          0.9922521301850924,
          1.0,
          1.0,
          0.9935684641280226,
          1.0,
          1.0,
          1.0,
          1.0,
          1.0,
          1.0
        ],
        "successes": [
          true,
          true,
          true,
          true,
          false,
          true,
          true,
          false,
          true,
          true,
          false,
          true,
          true,
          true,
          false,
          true,
          true,
          true,
          true,
          true,
          false,
          true,
          true,
          false,
          true,
          true,
          false,
          true,
          true,
          true,
          true,
          true,
          false,
          true,
          false,
          true,
          true,
          true,
          true,
          true,
          false,
          true,
          true,
          false,
          true,
          true,
          true,
          true,
          true,
          true
        ],
        "video_paths": [
          "experiments/001-baseline-rollout-n50/videos/pusht_0/eval_episode_0.mp4",
          "experiments/001-baseline-rollout-n50/videos/pusht_0/eval_episode_1.mp4",
          "experiments/001-baseline-rollout-n50/videos/pusht_0/eval_episode_2.mp4",
          "experiments/001-baseline-rollout-n50/videos/pusht_0/eval_episode_3.mp4",
          "experiments/001-baseline-rollout-n50/videos/pusht_0/eval_episode_4.mp4",
          "experiments/001-baseline-rollout-n50/videos/pusht_0/eval_episode_5.mp4",
          "experiments/001-baseline-rollout-n50/videos/pusht_0/eval_episode_6.mp4",
          "experiments/001-baseline-rollout-n50/videos/pusht_0/eval_episode_7.mp4",
          "experiments/001-baseline-rollout-n50/videos/pusht_0/eval_episode_8.mp4",
          "experiments/001-baseline-rollout-n50/videos/pusht_0/eval_episode_9.mp4"
        ],
        "predicted_video_paths": []
      }
    }
  ],
  "per_group": {
    "pusht": {
      "avg_sum_reward": 99.75834398900675,
      "avg_max_reward": 0.9626610886786087,
      "pc_success": 78.0,
      "n_episodes": 50,
      "video_paths": [
        "experiments/001-baseline-rollout-n50/videos/pusht_0/eval_episode_0.mp4",
        "experiments/001-baseline-rollout-n50/videos/pusht_0/eval_episode_1.mp4",
        "experiments/001-baseline-rollout-n50/videos/pusht_0/eval_episode_2.mp4",
        "experiments/001-baseline-rollout-n50/videos/pusht_0/eval_episode_3.mp4",
        "experiments/001-baseline-rollout-n50/videos/pusht_0/eval_episode_4.mp4",
        "experiments/001-baseline-rollout-n50/videos/pusht_0/eval_episode_5.mp4",
        "experiments/001-baseline-rollout-n50/videos/pusht_0/eval_episode_6.mp4",
        "experiments/001-baseline-rollout-n50/videos/pusht_0/eval_episode_7.mp4",
        "experiments/001-baseline-rollout-n50/videos/pusht_0/eval_episode_8.mp4",
        "experiments/001-baseline-rollout-n50/videos/pusht_0/eval_episode_9.mp4"
      ],
      "predicted_video_paths": []
    }
  },
  "overall": {
    "avg_sum_reward": 99.75834398900675,
    "avg_max_reward": 0.9626610886786087,
    "pc_success": 78.0,
    "n_episodes": 50,
    "eval_s": 40400.93869495392,
    "eval_ep_s": 808.0187738990784,
    "video_paths": [
      "experiments/001-baseline-rollout-n50/videos/pusht_0/eval_episode_0.mp4",
      "experiments/001-baseline-rollout-n50/videos/pusht_0/eval_episode_1.mp4",
      "experiments/001-baseline-rollout-n50/videos/pusht_0/eval_episode_2.mp4",
      "experiments/001-baseline-rollout-n50/videos/pusht_0/eval_episode_3.mp4",
      "experiments/001-baseline-rollout-n50/videos/pusht_0/eval_episode_4.mp4",
      "experiments/001-baseline-rollout-n50/videos/pusht_0/eval_episode_5.mp4",
      "experiments/001-baseline-rollout-n50/videos/pusht_0/eval_episode_6.mp4",
      "experiments/001-baseline-rollout-n50/videos/pusht_0/eval_episode_7.mp4",
      "experiments/001-baseline-rollout-n50/videos/pusht_0/eval_episode_8.mp4",
      "experiments/001-baseline-rollout-n50/videos/pusht_0/eval_episode_9.mp4"
    ],
    "predicted_video_paths": []
  }
}